{
  "target": "current",
  "exponential": {
    "parameters": [
      0.10853478574863437,
      0.6225765345091272,
      1.2265204697182421
    ],
    "metrics": {
      "RMSE": 0.007396004225912384,
      "MAE": 0.005886225765790792,
      "R2": 0.9997048213769248
    },
    "figure": "/Users/nightye/Desktop/PHM/figures/models/attachment1_reaction_wheel_3500d_data_current_exponential_fit.png"
  },
  "wiener": {
    "drift": 0.008572571428571428,
    "diffusion": 0.011339562607586014,
    "metrics": {
      "RMSE": 0.1685784384860726,
      "MAE": 0.1540130681818181,
      "R2": 0.8466461601817585
    },
    "figure": "/Users/nightye/Desktop/PHM/figures/models/attachment1_reaction_wheel_3500d_data_current_wiener_baseline.png"
  },
  "lstm_baseline": {
    "model": "torch_lstm",
    "sequence_length": 12,
    "metrics": {
      "RMSE": 0.010982815528520781,
      "MAE": 0.008450276377255263,
      "R2": 0.999349094442716
    },
    "figure": "/Users/nightye/Desktop/PHM/figures/models/attachment1_reaction_wheel_3500d_data_current_lstm_baseline.png"
  }
}