{
  "target": "current",
  "exponential": {
    "parameters": [
      0.10936401750823288,
      0.3532752734391836,
      1.2539848020405395
    ],
    "metrics": {
      "RMSE": 0.007908420170681022,
      "MAE": 0.006292965354359748,
      "R2": 0.9990184252318618
    },
    "figure": "/Users/nightye/Desktop/PHM/figures/models/attachment2_reaction_wheel_1800d_data_current_exponential_fit.png"
  },
  "wiener": {
    "drift": 0.0004972777777777778,
    "diffusion": 0.011237381451679768,
    "metrics": {
      "RMSE": 0.10808310532612404,
      "MAE": 0.09962422302424583,
      "R2": 0.8166590220318031
    },
    "figure": "/Users/nightye/Desktop/PHM/figures/models/attachment2_reaction_wheel_1800d_data_current_wiener_baseline.png"
  },
  "lstm_baseline": {
    "model": "autoregressive_fallback",
    "sequence_length": 12,
    "metrics": {
      "RMSE": 0.009309807275473722,
      "MAE": 0.0073982047010919885,
      "R2": 0.9986397294452513
    },
    "figure": "/Users/nightye/Desktop/PHM/figures/models/attachment2_reaction_wheel_1800d_data_current_lstm_baseline.png"
  }
}