factor_delta,transfer_factor,rul_days,rul_change_vs_nominal_days
-0.1,0.793768276428497,766.685803751991,76.6685803751991
-0.05,0.8378665140078579,726.3339193439915,36.31669596719962
0.0,0.8819647515872189,690.0172233767919,0.0
0.05,0.9260629891665798,657.1592603588495,-32.85796301794244
0.1,0.9701612267459409,627.2883848879926,-62.72883848879928
